{
  "random": {
    "tps": 0.25871947425059905,
    "comm": 0.8764552559951578,
    "congestion": 0.026229888151263592,
    "hops": 1.75
  },
  "spectral": {
    "tps": 0.7736324299249123,
    "comm": 0.07238093495203198,
    "congestion": 0.32512560143899555,
    "hops": 1.75
  },
  "rl_comm": {
    "tps": 0.7736324299249123,
    "comm": 0.07238093495203198,
    "congestion": 0.32512560143899555,
    "hops": 1.75
  },
  "rl_throughput": {
    "tps": 0.7736324299249123,
    "comm": 0.07238093495203198,
    "congestion": 0.32512560143899555,
    "hops": 1.75
  }
}