{
  "scale": "small",
  "K": 4,
  "N": 38,
  "random": {
    "tps": 0.32868864621567406,
    "comm": 0.7448952822749828,
    "cost": 314.68185071880464
  },
  "spectral": {
    "tps": 0.3326191211347929,
    "comm": 0.07175783319592038,
    "cost": 315.32335557327656
  },
  "rl_comm": {
    "tps": 0.34787585084773864,
    "comm": 0.06320458418488673,
    "cost": 272.6340842680057
  },
  "rl_throughput": {
    "tps": 0.33562922415213525,
    "comm": 0.2009628901398485,
    "cost": 315.29801470061915
  }
}