{
  "num_modules": 38,
  "num_chiplets": 4,
  "methods": {
    "Random": {
      "comm_ratio": 0.7763233208546303,
      "balance": 0.8322779033894431,
      "cost": 355.3239750447776,
      "total": 2.683949588039826,
      "areas": [
        33.8,
        25.2,
        36.4,
        40.6
      ]
    },
    "Balanced (RR)": {
      "comm_ratio": 0.7968263912455411,
      "balance": 0.8997328002047351,
      "cost": 355.5695506908222,
      "total": 2.650234823978095,
      "areas": [
        39.3,
        39.3,
        29.4,
        28.6
      ]
    },
    "Greedy-BW": {
      "comm_ratio": 0.10869070107108274,
      "balance": 0.8950923404367375,
      "cost": 352.22113900053506,
      "total": 8.801930694812855,
      "areas": [
        42.8,
        32.9,
        25.5,
        27.3
      ]
    },
    "Spectral": {
      "comm_ratio": 0.0713770903468629,
      "balance": 0.9279891745328689,
      "cost": 351.94810959412337,
      "total": 9.441546019016196,
      "areas": [
        25.5,
        38.4,
        31.1,
        32.9
      ]
    },
    "Ground Truth": {
      "comm_ratio": 0.07749235273071892,
      "balance": 0.9874608150509527,
      "cost": 351.7979036047137,
      "total": 9.933502580830256,
      "areas": [
        32.7,
        31.1,
        32.7,
        31.1
      ]
    },
    "RL+MLP": {
      "comm_ratio": 0.18524673123929294,
      "balance": 0.26292807232627513,
      "cost": 341.9538746607841,
      "total": 2.43568436049549,
      "areas": []
    },
    "RL+GNN": {
      "comm_ratio": 0.07749235273071893,
      "balance": 0.9874608150509525,
      "cost": 351.7979036047137,
      "total": 9.933502580830252,
      "areas": []
    }
  }
}