{
  "random": {
    "tps": 0.25871947425059905,
    "comm": 0.8764552559951578,
    "congestion": 0.026229888151263592
  },
  "spectral": {
    "tps": 0.7736324299249123,
    "comm": 0.07238093495203198,
    "congestion": 0.32512560143899555
  },
  "sa_mincut": {
    "tps": 0.7736324299249123,
    "comm": 0.07238093495203198,
    "congestion": 0.32512560143899555
  },
  "sa_throughput": {
    "tps": 0.7736324299249123,
    "comm": 0.07238093495203198,
    "congestion": 0.32512560143899555
  },
  "greedy": {
    "tps": 0.7746284149002942,
    "comm": 0.12250081263278541,
    "congestion": 0.3275368281779029
  },
  "greedy_sa": {
    "tps": 0.7746284149002942,
    "comm": 0.12250081263278541,
    "congestion": 0.3275368281779029
  }
}