{
  "Random": {
    "cost_score": 0.8223380124776112,
    "comm_score": 0.2236766791453697,
    "balance_score": 0.8322779033894431,
    "thermal_score": 0.8698224852071004,
    "process_score": 1.0,
    "empty_score": 1.0,
    "total_cost": 355.3239750447776,
    "comm_ratio": 0.7763233208546303,
    "inter_chiplet_bw": 3290.8607472621875,
    "total_bw": 4239.033736149238,
    "chiplet_areas": [
      33.8,
      25.2,
      36.4,
      40.6
    ],
    "chiplet_compute": [
      34.5,
      25.0,
      33.5,
      41.0
    ],
    "chiplet_power": [
      28.8,
      19.0,
      27.8,
      33.6
    ],
    "chiplet_yields": [
      0.9668568810113519,
      0.9751664737220647,
      0.9643609857840385,
      0.9603450437211473
    ],
    "max_power_density": 0.8520710059171599,
    "n_active_chiplets": 4,
    "compute_balance": 0.8301521392038196,
    "area_balance": 0.8344036675750666,
    "comm_score_v2": 0.2236766791453697,
    "affinity_score": 1.0,
    "cost_saving": 0.22798881155665518,
    "hetero_cost": 77.64399716729682,
    "max_power_density_v2": 0.8520710059171599,
    "process_assignment": [
      5,
      5,
      5,
      5
    ],
    "multi_obj_total": 6.0268963053312214
  },
  "Greedy-BW": {
    "cost_score": 0.8240259452029384,
    "comm_score": 0.9286229096531371,
    "balance_score": 0.9279891745328689,
    "thermal_score": 0.6666666666666667,
    "process_score": 1.0,
    "empty_score": 1.0,
    "total_cost": 351.94810959412337,
    "comm_ratio": 0.0713770903468629,
    "inter_chiplet_bw": 302.569893968524,
    "total_bw": 4239.033736149238,
    "chiplet_areas": [
      32.9,
      31.1,
      38.4,
      25.5
    ],
    "chiplet_compute": [
      33.5,
      33.5,
      33.5,
      33.5
    ],
    "chiplet_power": [
      27.8,
      26.8,
      30.8,
      23.8
    ],
    "chiplet_yields": [
      0.9677226029441226,
      0.9694567656104263,
      0.9624461893904012,
      0.9748752032983571
    ],
    "max_power_density": 0.9333333333333333,
    "n_active_chiplets": 4,
    "compute_balance": 1.0,
    "area_balance": 0.8559783490657378,
    "comm_score_v2": 0.9286229096531371,
    "affinity_score": 1.0,
    "cost_saving": 0.2233338067858599,
    "hetero_cost": 75.32113167239126,
    "max_power_density_v2": 0.9333333333333333,
    "process_assignment": [
      5,
      5,
      5,
      5
    ],
    "multi_obj_total": 8.627137127797479
  },
  "Spectral": {
    "cost_score": 0.8240259452029384,
    "comm_score": 0.9286229096531371,
    "balance_score": 0.9279891745328689,
    "thermal_score": 0.6666666666666667,
    "process_score": 1.0,
    "empty_score": 1.0,
    "total_cost": 351.94810959412337,
    "comm_ratio": 0.0713770903468629,
    "inter_chiplet_bw": 302.569893968524,
    "total_bw": 4239.033736149238,
    "chiplet_areas": [
      25.5,
      38.4,
      31.1,
      32.9
    ],
    "chiplet_compute": [
      33.5,
      33.5,
      33.5,
      33.5
    ],
    "chiplet_power": [
      23.8,
      30.8,
      26.8,
      27.8
    ],
    "chiplet_yields": [
      0.9748752032983571,
      0.9624461893904012,
      0.9694567656104263,
      0.9677226029441226
    ],
    "max_power_density": 0.9333333333333333,
    "n_active_chiplets": 4,
    "compute_balance": 1.0,
    "area_balance": 0.8559783490657378,
    "comm_score_v2": 0.9286229096531371,
    "affinity_score": 1.0,
    "cost_saving": 0.2233338067858599,
    "hetero_cost": 75.32113167239126,
    "max_power_density_v2": 0.9333333333333333,
    "process_assignment": [
      5,
      5,
      5,
      5
    ],
    "multi_obj_total": 8.627137127797479
  },
  "Ground Truth": {
    "cost_score": 0.8241010481976432,
    "comm_score": 0.922507647269281,
    "balance_score": 0.9874608150509527,
    "thermal_score": 0.8456591639871385,
    "process_score": 1.0,
    "empty_score": 1.0,
    "total_cost": 351.7979036047137,
    "comm_ratio": 0.07749235273071892,
    "inter_chiplet_bw": 328.49269751909407,
    "total_bw": 4239.033736149238,
    "chiplet_areas": [
      32.7,
      31.1,
      32.7,
      31.1
    ],
    "chiplet_compute": [
      33.5,
      33.5,
      33.5,
      33.5
    ],
    "chiplet_power": [
      27.8,
      26.8,
      27.8,
      26.8
    ],
    "chiplet_yields": [
      0.9679151085850011,
      0.9694567656104263,
      0.9679151085850011,
      0.9694567656104263
    ],
    "max_power_density": 0.8617363344051446,
    "n_active_chiplets": 4,
    "compute_balance": 1.0,
    "area_balance": 0.9749216301019055,
    "comm_score_v2": 0.922507647269281,
    "affinity_score": 1.0,
    "cost_saving": 0.2233362529095948,
    "hetero_cost": 75.20992567946004,
    "max_power_density_v2": 0.8617363344051446,
    "process_assignment": [
      5,
      5,
      5,
      5
    ],
    "multi_obj_total": 9.079606800062903
  },
  "RL+Spectral": {
    "cost_score": 0.8238911934840627,
    "comm_score": 0.9127330871225023,
    "balance_score": 0.9543326691898623,
    "thermal_score": 0.7835051546391755,
    "process_score": 1.0,
    "empty_score": 1.0,
    "total_cost": 352.2176130318747,
    "comm_ratio": 0.0872669128774976,
    "inter_chiplet_bw": 369.9273877373088,
    "total_bw": 4239.033736149238,
    "chiplet_areas": [
      29.1,
      37.0,
      31.1,
      31.400000000000002
    ],
    "chiplet_compute": [
      33.5,
      33.5,
      33.5,
      33.5
    ],
    "chiplet_power": [
      25.8,
      29.8,
      26.8,
      26.8
    ],
    "chiplet_yields": [
      0.9713878731885407,
      0.9637860797518484,
      0.9694567656104263,
      0.9691674865003026
    ],
    "max_power_density": 0.8865979381443299,
    "n_active_chiplets": 4,
    "compute_balance": 1.0,
    "area_balance": 0.9086653383797245,
    "comm_score_v2": 0.9127330871225023,
    "affinity_score": 1.0,
    "cost_saving": 0.22402862210661234,
    "hetero_cost": 75.49963510962694,
    "max_power_density_v2": 0.8865979381443299,
    "process_assignment": [
      5,
      5,
      5,
      5
    ],
    "multi_obj_total": 8.850636618254697
  },
  "RL+Spectral(avg)": {
    "cost_score": 0.8239097707851913,
    "comm_score": 0.9131387618592866,
    "balance_score": 0.9460685791012338,
    "thermal_score": 0.7289377289377292,
    "process_score": 1.0,
    "empty_score": 1.0,
    "total_cost": 352.1804584296182,
    "comm_ratio": 0.08686123814071355,
    "inter_chiplet_bw": 368.2077188421775,
    "total_bw": 4239.033736149239,
    "max_power_density": 0.9084249084249085,
    "n_active_chiplets": 4.0,
    "compute_balance": 1.0,
    "area_balance": 0.8921371582024676,
    "comm_score_v2": 0.9131387618592866,
    "affinity_score": 1.0,
    "cost_saving": 0.22381517622452485,
    "hetero_cost": 75.475480507191,
    "max_power_density_v2": 0.9084249084249085,
    "multi_obj_total": 8.726382839739594
  }
}