{
  "moe+hybrid_tp_pp": {
    "K16_N4": {
      "W": 240.0,
      "bpp_eq": 6,
      "candidates": {
        "mcts_s201_greedy_union": {
          "alloc": {
            "0-1": 4,
            "0-4": 4,
            "0-8": 1,
            "1-2": 4,
            "1-3": 4,
            "1-4": 4,
            "1-5": 2,
            "1-6": 3,
            "1-9": 1,
            "2-3": 1,
            "2-6": 3,
            "2-7": 2,
            "2-10": 2,
            "3-7": 4,
            "4-5": 3,
            "4-8": 2,
            "5-6": 4,
            "5-9": 1,
            "5-10": 1,
            "6-7": 3,
            "6-10": 1,
            "7-11": 1,
            "8-9": 2,
            "8-12": 2,
            "8-13": 1,
            "9-10": 3,
            "9-12": 1,
            "9-13": 4,
            "9-14": 2,
            "10-11": 4,
            "10-13": 1,
            "10-14": 2,
            "10-15": 2,
            "11-15": 3,
            "12-13": 2,
            "13-14": 1,
            "13-15": 3,
            "14-15": 1
          },
          "wire": 236.79999999999995,
          "n_links": 89,
          "pred_lat": 33.009962644811004,
          "warm": "greedy_union",
          "raw_per_wl": {
            "moe": 264.989,
            "hybrid_tp_pp": 38.5513
          },
          "raw_mean_lat": 151.77015
        },
        "mcts_s202_greedy_union": {
          "alloc": {
            "0-1": 4,
            "0-4": 4,
            "1-2": 3,
            "1-3": 2,
            "1-4": 3,
            "1-5": 3,
            "1-6": 3,
            "1-9": 1,
            "2-3": 3,
            "2-6": 3,
            "2-7": 2,
            "2-10": 2,
            "3-7": 4,
            "4-5": 3,
            "4-6": 1,
            "4-8": 1,
            "4-12": 2,
            "5-6": 4,
            "5-9": 1,
            "6-7": 3,
            "6-10": 1,
            "6-14": 1,
            "7-11": 1,
            "8-9": 2,
            "8-12": 3,
            "8-13": 1,
            "9-10": 4,
            "9-12": 2,
            "9-13": 2,
            "9-14": 1,
            "10-11": 2,
            "10-14": 3,
            "10-15": 2,
            "11-15": 3,
            "12-13": 4,
            "12-14": 1,
            "13-14": 1,
            "13-15": 3,
            "14-15": 2
          },
          "wire": 238.69999999999996,
          "n_links": 91,
          "pred_lat": 35.46955659395353,
          "warm": "greedy_union",
          "raw_per_wl": {
            "moe": 314.06,
            "hybrid_tp_pp": 38.3531
          },
          "raw_mean_lat": 176.20655
        },
        "mcts_s203_greedy_union": {
          "alloc": {
            "0-1": 2,
            "0-4": 4,
            "0-8": 2,
            "1-2": 4,
            "1-3": 4,
            "1-4": 4,
            "1-5": 4,
            "1-6": 3,
            "1-9": 2,
            "2-3": 2,
            "2-6": 1,
            "2-10": 2,
            "3-7": 3,
            "4-5": 4,
            "4-6": 1,
            "4-8": 1,
            "5-6": 4,
            "5-7": 1,
            "5-9": 2,
            "5-10": 1,
            "6-7": 3,
            "6-10": 2,
            "7-11": 1,
            "8-9": 2,
            "8-12": 3,
            "8-13": 2,
            "9-10": 3,
            "9-12": 1,
            "9-13": 3,
            "9-14": 2,
            "10-11": 2,
            "10-14": 1,
            "10-15": 1,
            "11-15": 3,
            "12-13": 4,
            "13-14": 1,
            "13-15": 3,
            "14-15": 1
          },
          "wire": 238.89999999999998,
          "n_links": 89,
          "pred_lat": 32.50455287896183,
          "warm": "greedy_union",
          "raw_per_wl": {
            "moe": 229.433,
            "hybrid_tp_pp": 38.9498
          },
          "raw_mean_lat": 134.1914
        },
        "mcts_s204_hop3_spine": {
          "alloc": {
            "0-1": 3,
            "0-4": 1,
            "0-5": 2,
            "1-2": 1,
            "1-4": 1,
            "1-5": 1,
            "2-3": 1,
            "2-6": 1,
            "2-10": 1,
            "3-7": 1,
            "4-5": 1,
            "4-8": 1,
            "5-6": 2,
            "5-8": 1,
            "5-9": 1,
            "5-13": 3,
            "6-7": 1,
            "6-10": 1,
            "6-15": 2,
            "7-9": 1,
            "7-11": 1,
            "7-14": 1,
            "8-9": 2,
            "8-11": 4,
            "8-12": 1,
            "9-10": 1,
            "9-13": 1,
            "9-15": 3,
            "10-11": 1,
            "10-12": 4,
            "10-14": 1,
            "10-15": 1,
            "11-13": 4,
            "11-15": 1,
            "12-13": 1,
            "12-14": 1,
            "12-15": 4,
            "13-14": 1,
            "14-15": 1
          },
          "wire": 237.29999999999998,
          "n_links": 61,
          "pred_lat": 43.20845288782683,
          "warm": "hop3_spine",
          "raw_per_wl": {
            "moe": 403.994,
            "hybrid_tp_pp": 41.64
          },
          "raw_mean_lat": 222.817
        },
        "mcts_s205_hop3_spine": {
          "alloc": {
            "0-1": 2,
            "0-4": 1,
            "1-2": 1,
            "1-5": 1,
            "2-3": 1,
            "2-6": 2,
            "3-7": 2,
            "3-11": 1,
            "4-5": 1,
            "4-8": 1,
            "4-9": 1,
            "4-12": 1,
            "5-6": 1,
            "5-9": 2,
            "6-7": 1,
            "6-10": 3,
            "7-9": 1,
            "7-11": 1,
            "7-14": 4,
            "8-9": 2,
            "8-11": 4,
            "8-12": 1,
            "9-10": 1,
            "9-13": 1,
            "9-14": 1,
            "9-15": 4,
            "10-11": 1,
            "10-12": 4,
            "10-14": 1,
            "11-13": 3,
            "11-15": 4,
            "12-13": 1,
            "12-15": 4,
            "13-14": 1,
            "13-15": 1,
            "14-15": 2
          },
          "wire": 236.90000000000003,
          "n_links": 64,
          "pred_lat": 43.46741548476484,
          "warm": "hop3_spine",
          "raw_per_wl": {
            "moe": 697.211,
            "hybrid_tp_pp": 43.1739
          },
          "raw_mean_lat": 370.19245
        },
        "mcts_s206_uniform_sample": {
          "alloc": {
            "0-1": 2,
            "0-2": 1,
            "0-4": 2,
            "0-5": 1,
            "0-8": 1,
            "1-2": 1,
            "1-4": 1,
            "1-5": 2,
            "1-6": 1,
            "2-3": 2,
            "2-5": 1,
            "2-6": 2,
            "2-7": 2,
            "2-10": 1,
            "3-7": 2,
            "3-11": 1,
            "4-5": 2,
            "4-6": 1,
            "4-8": 1,
            "4-9": 1,
            "4-12": 2,
            "5-6": 3,
            "5-7": 1,
            "5-8": 1,
            "5-9": 2,
            "5-10": 1,
            "5-13": 1,
            "6-7": 2,
            "6-9": 1,
            "6-10": 2,
            "6-11": 2,
            "6-14": 1,
            "7-10": 1,
            "7-11": 2,
            "7-15": 1,
            "8-9": 3,
            "8-10": 1,
            "8-12": 2,
            "8-13": 1,
            "9-10": 1,
            "9-11": 1,
            "9-12": 1,
            "9-13": 3,
            "9-14": 1,
            "10-11": 2,
            "10-14": 2,
            "10-15": 1,
            "11-14": 2,
            "11-15": 2,
            "12-13": 2,
            "12-15": 1,
            "13-14": 2,
            "14-15": 3
          },
          "wire": 235.2999999999999,
          "n_links": 82,
          "pred_lat": 37.37174335873877,
          "warm": "uniform_sample",
          "raw_per_wl": {
            "moe": 513.935,
            "hybrid_tp_pp": 39.1531
          },
          "raw_mean_lat": 276.54404999999997
        },
        "mcts_s207_uniform_sample": {
          "alloc": {
            "0-1": 2,
            "0-2": 1,
            "0-4": 3,
            "0-5": 1,
            "1-2": 2,
            "1-4": 2,
            "1-5": 2,