{
  "workload_set": [
    "moe",
    "hybrid_tp_pp"
  ],
  "K": 16,
  "N": 4,
  "R": 4,
  "C": 4,
  "budget_per_pair": 2,
  "baseline_pred": 1.0,
  "best_pred": 0.9733417489788179,
  "baseline_latencies": [
    325.8666076660156,
    39.15557098388672
  ],
  "best_latencies": [
    311.5979309082031,
    38.782432556152344
  ],
  "superset_alloc": {
    "0-1": 2,
    "0-2": 2,
    "0-3": 1,
    "0-4": 3,
    "0-5": 1,
    "0-6": 1,
    "0-8": 1,
    "0-9": 1,
    "0-12": 1,
    "1-2": 1,
    "1-3": 1,
    "1-4": 1,
    "1-5": 2,
    "1-6": 1,
    "1-8": 1,
    "1-9": 1,
    "2-3": 1,
    "2-6": 1,
    "3-7": 1,
    "3-11": 1,
    "4-5": 2,
    "4-6": 1,
    "4-8": 1,
    "5-6": 2,
    "5-9": 1,
    "6-7": 1,
    "6-10": 1,
    "6-13": 1,
    "7-11": 1,
    "8-9": 1,
    "8-12": 2,
    "9-10": 1,
    "9-13": 1,
    "10-11": 1,
    "10-14": 1,
    "11-13": 1,
    "11-15": 1,
    "12-13": 1,
    "13-14": 1,
    "14-15": 1
  },
  "masks": {
    "moe": {
      "0-1": 2,
      "0-4": 3,
      "1-2": 1,
      "1-5": 2,
      "2-3": 1,
      "2-6": 1,
      "3-7": 1,
      "4-5": 2,
      "4-8": 1,
      "5-6": 2,
      "5-9": 1,
      "6-7": 1,
      "6-10": 1,
      "7-11": 1,
      "8-9": 1,
      "8-12": 2,
      "9-10": 1,
      "9-13": 1,
      "10-11": 1,
      "10-14": 1,
      "11-15": 1,
      "12-13": 1,
      "13-14": 1,
      "14-15": 1,
      "0-6": 1,
      "0-12": 1
    },
    "hybrid_tp_pp": {
      "0-1": 2,
      "0-4": 3,
      "1-2": 1,
      "1-5": 2,
      "2-3": 1,
      "2-6": 1,
      "3-7": 1,
      "4-5": 2,
      "4-8": 1,
      "5-6": 2,
      "5-9": 1,
      "6-7": 1,
      "6-10": 1,
      "7-11": 1,
      "8-9": 1,
      "8-12": 2,
      "9-10": 1,
      "9-13": 1,
      "10-11": 1,
      "10-14": 1,
      "11-15": 1,
      "12-13": 1,
      "13-14": 1,
      "14-15": 1,
      "0-3": 1,
      "0-6": 1
    }
  }
}