{
  "workload_set": [
    "moe",
    "hybrid_tp_pp"
  ],
  "K": 16,
  "N": 4,
  "R": 4,
  "C": 4,
  "budget_per_pair": 2,
  "baseline_pred": 182.51108932495117,
  "best_pred": 171.90771484375,
  "baseline_latencies": [
    325.8666076660156,
    39.15557098388672
  ],
  "best_latencies": [
    305.1653747558594,
    38.650054931640625
  ],
  "superset_alloc": {
    "0-1": 1,
    "0-2": 1,
    "0-3": 2,
    "0-4": 3,
    "0-5": 2,
    "0-6": 1,
    "0-8": 1,
    "0-9": 1,
    "0-12": 1,
    "1-2": 3,
    "1-3": 1,
    "1-4": 1,
    "1-5": 1,
    "1-6": 1,
    "1-8": 1,
    "2-3": 1,
    "2-6": 2,
    "2-7": 1,
    "2-11": 1,
    "3-7": 2,
    "4-5": 2,
    "5-6": 2,
    "5-8": 1,
    "5-12": 1,
    "5-13": 1,
    "6-7": 2,
    "7-15": 1,
    "8-12": 1,
    "9-13": 2,
    "10-11": 2,
    "10-14": 1,
    "11-15": 2,
    "12-13": 2
  },
  "masks": {
    "moe": {
      "0-6": 1,
      "0-12": 1,
      "0-3": 2,
      "0-1": 1,
      "0-9": 1,
      "1-8": 1,
      "1-3": 1,
      "0-4": 3,
      "0-8": 1,
      "0-2": 1,
      "0-5": 2,
      "1-4": 1,
      "1-2": 3,
      "1-6": 1,
      "2-11": 1,
      "5-12": 1,
      "2-3": 1,
      "1-5": 1,
      "5-6": 2,
      "2-6": 2,
      "2-7": 1,
      "3-7": 2,
      "4-5": 2
    },
    "hybrid_tp_pp": {
      "0-3": 2,
      "0-6": 1,
      "0-1": 1,
      "0-2": 1,
      "0-4": 3,
      "0-5": 2,
      "1-2": 3,
      "1-3": 1,
      "1-4": 1,
      "1-5": 1,
      "1-6": 1,
      "2-3": 1,
      "2-6": 2,
      "2-7": 1,
      "3-7": 2,
      "4-5": 2,
      "5-6": 2,
      "6-7": 2,
      "8-12": 1,
      "9-13": 2,
      "10-11": 1
    }
  }
}