{
  "K": 16,
  "N": 4,
  "workloads": [
    "moe",
    "hybrid_tp_pp",
    "uniform_random",
    "all_to_all"
  ],
  "budget": 48,
  "raw": {
    "mesh": {
      "moe": 466.673,
      "hybrid_tp_pp": 46.1123,
      "uniform_random": 54.6525,
      "all_to_all": 54.4174
    },
    "kite_s": {
      "moe": 417.462,
      "hybrid_tp_pp": 55.3769,
      "uniform_random": 54.6446,
      "all_to_all": 52.0017
    },
    "kite_m": {
      "moe": 417.462,
      "hybrid_tp_pp": 55.3769,
      "uniform_random": 54.6446,
      "all_to_all": 52.0017
    },
    "kite_l": {
      "moe": 187.691,
      "hybrid_tp_pp": 41.9996,
      "uniform_random": 42.7422,
      "all_to_all": 42.4444
    },
    "ours": {
      "moe": 349.713,
      "hybrid_tp_pp": 56.585,
      "uniform_random": 63.9454,
      "all_to_all": 65.2966
    }
  },
  "mix_results": {
    "moe+hybrid_tp_pp": {
      "mesh": 256.39265,
      "kite_s": 236.41944999999998,
      "kite_m": 236.41944999999998,
      "kite_l": 114.84530000000001,
      "ours": 203.149
    },
    "moe+uniform_random": {
      "mesh": 260.66275,
      "kite_s": 236.05329999999998,
      "kite_m": 236.05329999999998,
      "kite_l": 115.2166,
      "ours": 206.82920000000001
    },
    "moe+all_to_all": {
      "mesh": 260.5452,
      "kite_s": 234.73185,
      "kite_m": 234.73185,
      "kite_l": 115.0677,
      "ours": 207.50480000000002
    },
    "hybrid_tp_pp+uniform_random": {
      "mesh": 50.382400000000004,
      "kite_s": 55.01075,
      "kite_m": 55.01075,
      "kite_l": 42.3709,
      "ours": 60.2652
    },
    "hybrid_tp_pp+all_to_all": {
      "mesh": 50.264849999999996,
      "kite_s": 53.6893,
      "kite_m": 53.6893,
      "kite_l": 42.222,
      "ours": 60.940799999999996
    },
    "uniform_random+all_to_all": {
      "mesh": 54.53495,
      "kite_s": 53.32315,
      "kite_m": 53.32315,
      "kite_l": 42.5933,
      "ours": 64.621
    },
    "moe+hybrid_tp_pp+uniform_random": {
      "mesh": 189.14593333333335,
      "kite_s": 175.8278333333333,
      "kite_m": 175.8278333333333,
      "kite_l": 90.81093333333335,
      "ours": 156.7478
    },
    "moe+hybrid_tp_pp+all_to_all": {
      "mesh": 189.0675666666667,
      "kite_s": 174.94686666666666,
      "kite_m": 174.94686666666666,
      "kite_l": 90.71166666666666,
      "ours": 157.1982
    },
    "moe+uniform_random+all_to_all": {
      "mesh": 191.91430000000003,
      "kite_s": 174.70276666666666,
      "kite_m": 174.70276666666666,
      "kite_l": 90.95920000000001,
      "ours": 159.65166666666667
    },
    "hybrid_tp_pp+uniform_random+all_to_all": {
      "mesh": 51.72740000000001,
      "kite_s": 54.007733333333334,
      "kite_m": 54.007733333333334,
      "kite_l": 42.3954,
      "ours": 61.94233333333333
    },
    "moe+hybrid_tp_pp+uniform_random+all_to_all": {
      "mesh": 155.46380000000002,
      "kite_s": 144.8713,
      "kite_m": 144.8713,
      "kite_l": 78.7193,
      "ours": 133.885
    }
  },
  "win_count": {
    "mesh": 0,
    "kite_s": 0,
    "kite_m": 0,
    "kite_l": 11,
    "ours": 0
  },
  "superset": {
    "0-1": 1,
    "0-2": 2,
    "0-3": 1,
    "0-4": 2,
    "0-5": 2,
    "0-6": 1,
    "0-8": 1,
    "0-9": 1,
    "0-12": 1,
    "1-2": 2,
    "1-3": 1,
    "1-4": 1,
    "1-5": 2,
    "1-6": 1,
    "1-8": 1,
    "2-3": 2,
    "2-6": 1,
    "2-7": 1,
    "2-9": 1,
    "3-6": 1,
    "3-7": 1,
    "4-5": 1,
    "4-8": 1,
    "4-13": 1,
    "5-6": 1,
    "5-9": 1,
    "6-7": 1,
    "6-10": 1,
    "6-14": 1,
    "7-11": 1,
    "8-9": 1,
    "8-10": 1,
    "8-12": 2,
    "9-10": 1,
    "9-13": 1,
    "10-11": 1,
    "10-14": 1,
    "11-15": 1,
    "12-13": 1,
    "13-14": 1,
    "14-15": 1
  },
  "masks": {
    "moe": {
      "0-1": 1,
      "0-4": 2,
      "1-2": 2,
      "1-5": 2,
      "2-3": 2,
      "2-6": 1,
      "3-7": 1,
      "4-5": 1,
      "4-8": 1,
      "5-6": 1,
      "5-9": 1,
      "6-7": 1,
      "6-10": 1,
      "7-11": 1,
      "8-9": 1,
      "8-12": 2,
      "9-10": 1,
      "9-13": 1,
      "10-11": 1,
      "10-14": 1,
      "11-15": 1,
      "12-13": 1,
      "13-14": 1,
      "14-15": 1,
      "0-6": 1,
      "0-12": 1,
      "0-3": 1,
      "0-9": 1
    },
    "hybrid_tp_pp": {
      "0-1": 1,
      "0-4": 2,
      "1-2": 2,
      "1-5": 2,
      "2-3": 2,
      "2-6": 1,
      "3-7": 1,
      "4-5": 1,
      "4-8": 1,
      "5-6": 1,
      "5-9": 1,
      "6-7": 1,
      "6-10": 1,
      "7-11": 1,
      "8-9": 1,
      "8-12": 2,
      "9-10": 1,
      "9-13": 1,
      "10-11": 1,
      "10-14": 1,
      "11-15": 1,
      "12-13": 1,
      "13-14": 1,
      "14-15": 1,
      "0-3": 1,
      "0-6": 1,
      "0-2": 2
    },
    "uniform_random": {
      "0-1": 1,
      "0-4": 2,
      "1-2": 2,
      "1-5": 2,
      "2-3": 2,
      "2-6": 1,
      "3-7": 1,
      "4-5": 1,
      "4-8": 1,
      "5-6": 1,
      "5-9": 1,
      "6-7": 1,
      "6-10": 1,
      "7-11": 1,
      "8-9": 1,
      "8-12": 2,
      "9-10": 1,
      "9-13": 1,
      "10-11": 1,
      "10-14": 1,
      "11-15": 1,
      "12-13": 1,
      "13-14": 1,
      "14-15": 1,
      "0-12": 1,
      "0-3": 1,
      "2-9": 1,
      "0-9": 1
    },
    "all_to_all": {
      "0-1": 1,
      "0-4": 2,
      "1-2": 2,
      "1-5": 2,
      "2-3": 2,
      "2-6": 1,
      "3-7": 1,
      "4-5": 1,
      "4-8": 1,
      "5-6": 1,
      "5-9": 1,
      "6-7": 1,
      "6-10": 1,
      "7-11": 1,
      "8-9": 1,
      "8-12": 2,
      "9-10": 1,
      "9-13": 1,
      "10-11": 1,
      "10-14": 1,
      "11-15": 1,
      "12-13": 1,
      "13-14": 1,
      "14-15": 1,
      "0-3": 1,
      "0-6": 1,
      "0-9": 1,
      "0-12": 1
    }
  }
}